model,best_accu_test_iter,best_accu_test_test,best_accu_test_noise,best_accu_test_adv,best_accu_test_sigmoid,best_accu_test_softmax,best_accu_noise_iter,best_accu_noise_test,best_accu_noise_noise,best_accu_noise_adv,best_accu_noise_sigmoid,best_accu_noise_softmax,best_accu_adv_iter,best_accu_adv_test,best_accu_adv_noise,best_accu_adv_adv,best_accu_adv_sigmoid,best_accu_adv_softmax,best_sigmoid_iter,best_sigmoid_test,best_sigmoid_noise,best_sigmoid_adv,best_sigmoid_sigmoid,best_sigmoid_softmax,best_softmax_iter,best_softmax_test,best_softmax_noise,best_softmax_adv,best_softmax_sigmoid,best_softmax_softmax
c10-cifar_cnn_three_conv_backprop,4500,0.5916,0.5848,0.1837,0.9952565,0.9860206,3000,0.5901,0.5885,0.1818,0.99269119926912,0.9671516302909782,49500,0.5545,0.5501,0.2337,1.0,1.0,500,0.5057,0.502,0.1863,0.9652036985828033,0.7768879325490445,500,0.5057,0.502,0.1863,0.9652036985828033,0.7768879325490445
c10-cifar_cnn_three_conv_biprop,4000,0.5763,0.5651,0.1927,0.9978397284878099,0.9794700309930588,3500,0.571,0.5664,0.1932,0.9968866965753662,0.9722743807047288,500,0.4652,0.4634,0.2163,0.9525991950333882,0.645351725997327,500,0.4652,0.4634,0.2163,0.9525991950333882,0.645351725997327,500,0.4652,0.4634,0.2163,0.9525991950333882,0.645351725997327
c10-cifar_cnn_three_conv_halfbiprop,7000,0.57,0.5641,0.1882,0.9984151998415199,0.9906628,8000,0.5693,0.5704,0.1837,0.9978902997890299,0.9905121,49500,0.535,0.5315,0.2203,1.0,1.0,500,0.4635,0.4651,0.2201,0.9550740113137881,0.655876317959256,500,0.4635,0.4651,0.2201,0.9550740113137881,0.655876317959256
c10-cifar_cnn_three_conv_nobias_backprop,3000,0.5972,0.5932,0.1715,0.995507,0.9764151376415138,5000,0.5948,0.5941,0.1782,0.9993069,0.9980848,47000,0.5576,0.5573,0.2261,1.0,1.0,500,0.4986,0.4943,0.1953,0.9445592192698505,0.6712844932832719,500,0.4986,0.4943,0.1953,0.9445592192698505,0.6712844932832719
c10-cifar_cnn_three_conv_nobias_biprop,5500,0.5676,0.5646,0.1868,0.9797720398860199,0.9690422445211222,4500,0.5651,0.5648,0.1893,0.9662458763721135,0.9545834050542692,1000,0.5098,0.5006,0.2161,0.8515911663706671,0.5643268290482482,1000,0.5098,0.5006,0.2161,0.8515911663706671,0.5643268290482482,1000,0.5098,0.5006,0.2161,0.8515911663706671,0.5643268290482482
c10-cifar_cnn_three_conv_nobias_halfbiprop,4500,0.5642,0.562,0.1909,0.9449246244924624,0.8887419888741989,4500,0.5642,0.562,0.1909,0.9449246244924624,0.8887419888741989,500,0.4701,0.4627,0.2165,0.936459244224235,0.6937512263457632,2000,0.5481,0.5496,0.1833,0.9162890414023289,0.785595792844841,1000,0.5004,0.4837,0.2091,0.9201775267189832,0.5831723119089581
c10-cifar_gan_cnn_two_conv_backprop,5000,0.7101,0.6973,0.161,1.0,1.0,20000,0.7081,0.7063,0.1765,1.0,1.0,45000,0.6645,0.5357,0.2187,1.0,1.0,0,0.0978,0.1008,0.0986,0.5786954158506361,0.2864881369751281,0,0.0978,0.1008,0.0986,0.5786954158506361,0.2864881369751281
c10-cifar_gan_cnn_two_conv_biprop,135000,0.565,0.5429,0.2445,1.0,1.0,275000,0.5555,0.5565,0.2511,1.0,1.0,410000,0.5541,0.5438,0.2646,0.99999976,0.9999999,5000,0.4337,0.4194,0.2383,0.08643489183160362,0.7283537521362992,0,0.0978,0.1008,0.0986,0.5786954158506361,0.2864881369751281
c10-cifar_gan_cnn_two_conv_halfbiprop,495000,0.574,0.5645,0.258,1.0,1.0,495000,0.574,0.5645,0.258,1.0,1.0,180000,0.5578,0.5497,0.2686,1.0,1.0,15000,0.5221,0.4603,0.2278,0.015535637453175731,0.9778031155948292,0,0.0978,0.1008,0.0986,0.5786954158506361,0.2864881369751281
c10-cifar_gan_cnn_two_conv_nobias_backprop,10000,0.7134,0.7067,0.1733,1.0,1.0,10000,0.7134,0.7067,0.1733,1.0,1.0,500000,0.6729,0.6666,0.2847,1.0,1.0,0,0.0978,0.1008,0.0986,0.5786954158506361,0.2864881369751281,0,0.0978,0.1008,0.0986,0.5786954158506361,0.2864881369751281
c10-cifar_gan_cnn_two_conv_nobias_biprop,15000,0.4264,0.4114,0.1981,3.614588059264647e-07,0.9014409,15000,0.4264,0.4114,0.1981,3.614588059264647e-07,0.9014409,260000,0.2819,0.2679,0.2723,1.0,1.0,15000,0.4264,0.4114,0.1981,3.614588059264647e-07,0.9014409,0,0.0978,0.1008,0.0986,0.5786954158506361,0.2864881369751281
c10-cifar_gan_cnn_two_conv_nobias_halfbiprop,480000,0.5419,0.531,0.3366,1.0,1.0,480000,0.5419,0.531,0.3366,1.0,1.0,450000,0.513,0.5109,0.3519,1.0,1.0,20000,0.3645,0.288,0.2058,0.0,0.9995828,0,0.0978,0.1008,0.0986,0.5786954158506361,0.2864881369751281
c10-cifar_gan_nn_one_hidden_backprop,60000,0.5226,0.519,0.1734,0.99967706,0.9914436957218478,35000,0.5216,0.519,0.1822,0.9977226591801572,0.9652126040641213,5000,0.4756,0.467,0.2217,0.9160069436443194,0.6100701728131653,5000,0.4756,0.467,0.2217,0.9160069436443194,0.6100701728131653,5000,0.4756,0.467,0.2217,0.9160069436443194,0.6100701728131653
c10-cifar_gan_nn_one_hidden_biprop,290000,0.4844,0.4783,0.1534,0.9996876691442135,0.9982887,290000,0.4844,0.4783,0.1534,0.9996876691442135,0.9982887,20000,0.2394,0.2336,0.1714,0.0,0.9995474294569153,15000,0.2351,0.2346,0.1423,0.0,0.9999987,5000,0.2705,0.27,0.1552,0.99305516,0.740525
c10-cifar_gan_nn_one_hidden_halfbiprop,265000,0.4826,0.4758,0.1499,0.99943656,0.99828726,335000,0.478,0.478,0.1474,0.9999678,0.99982846,20000,0.2394,0.2336,0.1714,0.0,0.9995474294569153,15000,0.2351,0.2346,0.1423,0.0,0.9999987,5000,0.2705,0.27,0.1552,0.99305516,0.740525
c10-cifar_gan_nn_one_hidden_nobias_backprop,35000,0.5187,0.5162,0.1766,0.9948031870079675,0.9429322129259285,35000,0.5187,0.5162,0.1766,0.9948031870079675,0.9429322129259285,5000,0.4717,0.4659,0.2269,0.9289329505086963,0.5755218205445793,5000,0.4717,0.4659,0.2269,0.9289329505086963,0.5755218205445793,5000,0.4717,0.4659,0.2269,0.9289329505086963,0.5755218205445793
c10-cifar_gan_nn_one_hidden_nobias_biprop,470000,0.4565,0.433,0.1536,1.0,1.0,470000,0.4565,0.433,0.1536,1.0,1.0,475000,0.4248,0.4004,0.1794,1.0,1.0,5000,0.2939,0.2949,0.1625,0.88825965,0.57106507,5000,0.2939,0.2949,0.1625,0.88825965,0.57106507
c10-cifar_gan_nn_one_hidden_nobias_halfbiprop,465000,0.4663,0.4509,0.1482,1.0,0.99999917,465000,0.4663,0.4509,0.1482,1.0,0.99999917,260000,0.3668,0.353,0.1874,1.0,0.9999993,5000,0.2939,0.2949,0.1625,0.88825965,0.57106507,5000,0.2939,0.2949,0.1625,0.88825965,0.57106507
c10-cifar_nn_four_hidden_backprop,48000,0.4204,0.4159,0.3483,0.9699614551402422,0.7539994449930744,48000,0.4204,0.4159,0.3483,0.9699614551402422,0.7539994449930744,49500,0.4187,0.4114,0.3558,0.9578808474191141,0.7523192550825615,2500,0.2194,0.2198,0.1851,0.7830857303037694,0.5732996269710848,23500,0.3688,0.3633,0.3082,0.8939140168528168,0.5567582476927684
c10-cifar_nn_four_hidden_biprop,50000,0.4337,0.4233,0.3716,0.9715382121665849,0.8049493789454799,44000,0.4249,0.4261,0.3622,0.9822416286678659,0.8954378863663873,50000,0.4337,0.4233,0.3716,0.9715382121665849,0.8049493789454799,500,0.1896,0.1888,0.1587,0.7112408301414221,0.3612730299796098,500,0.1896,0.1888,0.1587,0.7112408301414221,0.3612730299796098
c10-cifar_nn_four_hidden_halfbiprop,48500,0.4383,0.4272,0.3561,0.9572333387112685,0.7404848831328372,46500,0.4324,0.4319,0.3548,0.9794813175312412,0.8044302849840363,45500,0.4225,0.4175,0.3699,0.9417123894991793,0.728575031925828,500,0.1896,0.1888,0.1587,0.7112408301414221,0.3612730299796098,500,0.1896,0.1888,0.1587,0.7112408301414221,0.3612730299796098
c10-cifar_nn_four_hidden_nobias_backprop,50000,0.4208,0.4137,0.351,0.9790302857367519,0.8627978004029678,46000,0.4186,0.4159,0.3516,0.9714923262912172,0.8483513891877356,47500,0.4158,0.4105,0.3668,0.9766200881782415,0.7756631288947503,1000,0.1763,0.1722,0.1563,0.7427114577793602,0.5209589181611475,1000,0.1763,0.1722,0.1563,0.7427114577793602,0.5209589181611475
c10-cifar_nn_four_hidden_nobias_biprop,47500,0.4314,0.4283,0.3596,0.9807803593248042,0.8289453560393018,47500,0.4314,0.4283,0.3596,0.9807803593248042,0.8289453560393018,43500,0.4246,0.4165,0.3664,0.9623992399219677,0.7381563401271198,500,0.2337,0.2291,0.1997,0.7147395174756279,0.4411563648892639,500,0.2337,0.2291,0.1997,0.7147395174756279,0.4411563648892639
c10-cifar_nn_four_hidden_nobias_halfbiprop,47000,0.4433,0.4334,0.3658,0.9910591218837311,0.8359249563291359,50000,0.44,0.4361,0.3591,0.9681579934908238,0.6448982862190256,46000,0.4344,0.4334,0.3746,0.9937280813925186,0.8948720630715016,500,0.2337,0.2291,0.1997,0.7147395174756279,0.4411563648892639,500,0.2337,0.2291,0.1997,0.7147395174756279,0.4411563648892639
c10-cifar_nn_no_hidden_backprop,11000,0.3825,0.3783,0.1845,0.9999988,0.9954695441296617,11000,0.3825,0.3783,0.1845,0.9999988,0.9954695441296617,36000,0.3219,0.3112,0.2102,1.0,1.0003554286575356,1500,0.3635,0.3599,0.1852,0.99998889999889,0.9967214790825565,4500,0.3705,0.362,0.1786,0.99999213,0.985349989516011
c10-cifar_nn_no_hidden_biprop,47500,0.3332,0.3242,0.2872,1.0,0.99605656,47500,0.3332,0.3242,0.2872,1.0,0.99605656,47000,0.3192,0.3166,0.2907,1.0,0.99876773,500,0.3062,0.3014,0.2631,1.0,0.9999999,49500,0.3177,0.3078,0.2778,1.0,0.9878563
c10-cifar_nn_no_hidden_halfbiprop,48500,0.3591,0.3449,0.1807,1.0,0.9994069263229431,38500,0.3544,0.3555,0.1649,1.0,0.9938685234563999,23000,0.323,0.317,0.2862,1.0,0.9989674,500,0.3062,0.3014,0.2631,1.0,0.9999999,26500,0.3155,0.3077,0.2061,1.0,0.8469054140062358
c10-cifar_nn_no_hidden_nobias_backprop,11000,0.3769,0.373,0.1853,0.99999905,0.9960695487039362,11000,0.3769,0.373,0.1853,0.99999905,0.9960695487039362,36000,0.3143,0.3017,0.2127,1.0,1.0004704688401787,1500,0.3589,0.3576,0.1881,0.9999893,0.9967191142875762,4500,0.3655,0.3587,0.1799,0.999992,0.9855629975422053
c10-cifar_nn_no_hidden_nobias_biprop,47500,0.3211,0.3203,0.2711,0.0,0.9999782,47500,0.3211,0.3203,0.2711,0.0,0.9999782,47000,0.3101,0.3096,0.2736,0.0,0.9999999,500,0.3072,0.3059,0.2581,0.0,0.9999999,6000,0.3086,0.3012,0.2618,0.0,0.99808156
c10-cifar_nn_no_hidden_nobias_halfbiprop,45000,0.374,0.3678,0.1882,0.0,0.9725903937731248,36500,0.3684,0.3691,0.1929,0.0,0.9477675972421138,23000,0.3071,0.3033,0.2732,0.0,0.99978834,500,0.3072,0.3059,0.2581,0.0,0.9999999,26500,0.3439,0.3328,0.185,0.0,0.7860116359282869
c10-cifar_nn_one_hidden_backprop,37000,0.4009,0.3991,0.2849,0.9497034795002091,0.7600541154436534,38500,0.3999,0.4015,0.2789,0.9496569426427734,0.7935071044238209,46500,0.3903,0.3848,0.2941,0.9331343834716348,0.7343525701586914,15000,0.3784,0.3704,0.261,0.8665637755625454,0.5923015973616534,2500,0.343,0.3385,0.2466,0.8794845806083422,0.5905850431856814
c10-cifar_nn_one_hidden_biprop,49500,0.3625,0.36,0.3054,0.9421882478831004,0.5324108647905643,49500,0.3625,0.36,0.3054,0.9421882478831004,0.5324108647905643,42000,0.3445,0.3389,0.3153,0.9429675249121257,0.5462697592944341,43000,0.3509,0.3481,0.309,0.5059751183365743,0.6033349304523026,1000,0.2664,0.2615,0.2364,0.7826553614645528,0.3985036380534805
c10-cifar_nn_one_hidden_halfbiprop,44000,0.3749,0.3679,0.3006,0.9970658189778343,0.6082084578745375,43000,0.3739,0.3725,0.2956,0.998662212000453,0.6279903830479088,47000,0.3698,0.3707,0.3057,0.9999963065597609,0.7260818666281779,27000,0.3403,0.3348,0.2843,0.647390409042583,0.4601264505732656,1000,0.2664,0.2615,0.2364,0.7826553614645528,0.3985036380534805
c10-cifar_nn_one_hidden_nobias_backprop,44000,0.3929,0.3853,0.2817,0.9244405935524047,0.6436417550745757,44000,0.3929,0.3853,0.2817,0.9244405935524047,0.6436417550745757,49000,0.3892,0.3815,0.2945,0.9121515975782872,0.6778779275737637,10500,0.3578,0.3487,0.2671,0.8629565943490228,0.4361080737835551,10500,0.3578,0.3487,0.2671,0.8629565943490228,0.4361080737835551
c10-cifar_nn_one_hidden_nobias_biprop,22500,0.3508,0.3463,0.2752,0.9984768149304355,0.4298728331531683,47500,0.3458,0.3468,0.2897,0.9999967329382367,0.5008781738900888,33000,0.328,0.3207,0.2901,0.9999798449331379,0.5330322978283697,48000,0.338,0.3295,0.2826,0.07269321859578604,0.46566686041599237,500,0.2552,0.2494,0.2131,0.7193598680731692,0.29406087562373245
c10-cifar_nn_one_hidden_nobias_halfbiprop,46500,0.3648,0.3611,0.2853,0.9999730634579957,0.6956091767334255,48000,0.3639,0.3634,0.295,0.9999928321660885,0.7380312684181339,41000,0.3533,0.3521,0.3003,0.9999775780739942,0.6021115559165314,18500,0.3165,0.3118,0.2672,0.4563297305992667,0.3091443804203719,500,0.2552,0.2494,0.2131,0.7193598680731692,0.29406087562373245
c10-cifar_nn_two_hidden_backprop,49500,0.3889,0.385,0.2788,0.9850969943790063,0.8390893000895429,49500,0.3889,0.385,0.2788,0.9850969943790063,0.8390893000895429,45500,0.3792,0.3789,0.3009,0.9928839855304616,0.9480633639616172,1000,0.2267,0.2233,0.1702,0.8133137757771731,0.6863555067806579,3500,0.2389,0.2408,0.1934,0.8438055021990907,0.5652533723094023
c10-cifar_nn_two_hidden_biprop,32000,0.3607,0.3593,0.3199,0.9528585944341396,0.762880062924435,32000,0.3607,0.3593,0.3199,0.9528585944341396,0.762880062924435,49000,0.3553,0.3514,0.3348,0.9681256844111333,0.7092782516234237,500,0.2324,0.2336,0.2124,0.7834942188693274,0.4260994986581632,500,0.2324,0.2336,0.2124,0.7834942188693274,0.4260994986581632
c10-cifar_nn_two_hidden_halfbiprop,48000,0.3836,0.3801,0.3307,0.9798325720639597,0.756817491517314,48000,0.3836,0.3801,0.3307,0.9798325720639597,0.756817491517314,46000,0.3811,0.3799,0.3353,0.9683239111451873,0.7591396281395196,500,0.2324,0.2336,0.2124,0.7834942188693274,0.4260994986581632,500,0.2324,0.2336,0.2124,0.7834942188693274,0.4260994986581632
c10-cifar_nn_two_hidden_nobias_backprop,46000,0.3781,0.3753,0.2492,0.946294315595351,0.7210807096000964,46000,0.3781,0.3753,0.2492,0.946294315595351,0.7210807096000964,47000,0.3634,0.3578,0.2587,0.9591216913128632,0.76113352680196,500,0.1977,0.1956,0.1731,0.7849031101980424,0.6181826387115522,11500,0.3081,0.3017,0.1998,0.9060297520804083,0.5877424101658778
c10-cifar_nn_two_hidden_nobias_biprop,48000,0.3715,0.3658,0.3138,0.906237403507844,0.6578871149743174,48000,0.3715,0.3658,0.3138,0.906237403507844,0.6578871149743174,49500,0.3572,0.3529,0.3226,0.9281491227420039,0.6205649014130826,18500,0.3178,0.306,0.2927,0.7733663334711898,0.42869895050156515,1500,0.2754,0.2742,0.2523,0.9006276973034374,0.37222219999690387
c10-cifar_nn_two_hidden_nobias_halfbiprop,48000,0.3872,0.3797,0.3297,0.9194858453289216,0.7510535076035518,46500,0.3828,0.3826,0.3284,0.961728884649693,0.8992229303698028,50000,0.3774,0.3778,0.3315,0.9537042787880293,0.8746952786912192,18500,0.3178,0.306,0.2927,0.7733663334711898,0.42869895050156515,1500,0.2754,0.2742,0.2523,0.9006276973034374,0.37222219999690387
mnist_cnn_three_conv_backprop,5500,0.9893,0.9883,0.1226,1.0,1.0,5500,0.9893,0.9883,0.1226,1.0,1.0,42000,0.9879,0.9869,0.1692,1.0,1.0,1000,0.98,0.9805,0.0404,0.9976908,0.9852427,500,0.9746,0.9739,0.0203,0.9991154,0.9801587
mnist_cnn_three_conv_biprop,27500,0.9799,0.8369,0.068,0.9870443,0.9984151,500,0.9396,0.9001,0.0368,0.7162185,0.44370118,50000,0.9785,0.8644,0.0989,0.9654359,0.99809664,500,0.9396,0.9001,0.0368,0.7162185,0.44370118,500,0.9396,0.9001,0.0368,0.7162185,0.44370118
mnist_cnn_three_conv_halfbiprop,30500,0.9785,0.8559,0.0804,0.98661995,0.9984005,2500,0.9719,0.9006,0.0359,0.8069271,0.7430217,49000,0.978,0.8808,0.1032,0.9815633,0.9995097,2000,0.9631,0.8756,0.0283,0.6375066,0.6707642,500,0.938,0.7819,0.0456,0.69270515,0.3930705
mnist_cnn_three_conv_nobias_backprop,32500,0.9898,0.989,0.1976,1.0,1.0,25000,0.9891,0.9892,0.1904,1.0,1.0,50000,0.9892,0.988,0.2408,1.0,1.0,500,0.9791,0.9771,0.0306,0.9933878,0.9371006,500,0.9791,0.9771,0.0306,0.9933878,0.9371006
mnist_cnn_three_conv_nobias_biprop,41500,0.9813,0.9346,0.2415,0.5000016700055778,0.99826765,48500,0.9807,0.9365,0.242,0.5000048300466583,0.99915195,48000,0.9795,0.9318,0.246,0.5000055500616057,0.9982053,43500,0.9803,0.9339,0.2382,0.500000650000845,0.9989278,1500,0.9633,0.8512,0.1485,0.5185835736436463,0.41650623
mnist_cnn_three_conv_nobias_halfbiprop,48500,0.977,0.7643,0.2489,4.678139e-05,1.0,500,0.9319,0.8127,0.1792,0.5,0.44326803,50000,0.9769,0.77,0.2535,5.9940667e-06,1.0,50000,0.9769,0.77,0.2535,5.9940667e-06,1.0,500,0.9319,0.8127,0.1792,0.5,0.44326803
mnist_gan_cnn_two_conv_backprop,20000,0.9925,0.9913,0.0477,1.0,1.0,20000,0.9925,0.9913,0.0477,1.0,1.0,475000,0.9899,0.9877,0.6889,1.0,1.0,0,0.1231,0.0987,0.061,0.5762891186247734,0.23044811588217473,0,0.1231,0.0987,0.061,0.5762891186247734,0.23044811588217473
mnist_gan_cnn_two_conv_biprop,305000,0.9823,0.9696,0.9084,1.0,1.0,140000,0.9799,0.9754,0.7128,1.0,1.0,495000,0.9791,0.9733,0.9525,1.0,1.0,0,0.1231,0.0987,0.061,0.5762891186247734,0.23044811588217473,0,0.1231,0.0987,0.061,0.5762891186247734,0.23044811588217473
mnist_gan_cnn_two_conv_halfbiprop,485000,0.9854,0.9783,0.9375,1.0,1.0,490000,0.9853,0.9784,0.9375,1.0,1.0,465000,0.9849,0.9779,0.9383,1.0,1.0,0,0.1231,0.0987,0.061,0.5762891186247734,0.23044811588217473,0,0.1231,0.0987,0.061,0.5762891186247734,0.23044811588217473
mnist_gan_cnn_two_conv_nobias_backprop,75000,0.9921,0.9906,0.0508,1.0,1.0,100000,0.9921,0.9908,0.0308,1.0,1.0,445000,0.9907,0.9899,0.6825,1.0,1.0,0,0.1231,0.0987,0.061,0.5762891186247734,0.23044811588217473,0,0.1231,0.0987,0.061,0.5762891186247734,0.23044811588217473
mnist_gan_cnn_two_conv_nobias_biprop,300000,0.9829,0.9491,0.9566,1.0,1.0,50000,0.9786,0.9691,0.3034,1.0,1.0,470000,0.9816,0.9496,0.9722,1.0,1.0,0,0.1231,0.0987,0.061,0.5762891186247734,0.23044811588217473,0,0.1231,0.0987,0.061,0.5762891186247734,0.23044811588217473
mnist_gan_cnn_two_conv_nobias_halfbiprop,395000,0.9849,0.9768,0.9592,1.0,1.0,425000,0.9828,0.9778,0.9591,1.0,1.0,465000,0.9833,0.9766,0.9658,1.0,1.0,0,0.1231,0.0987,0.061,0.5762891186247734,0.23044811588217473,0,0.1231,0.0987,0.061,0.5762891186247734,0.23044811588217473
mnist_gan_nn_one_hidden_backprop,25000,0.9792,0.927,0.0131,1.0,1.0,15000,0.9777,0.9425,0.0125,1.0,0.9999949,0,0.0879,0.0888,0.1173,1.1596136837116584,1.5648375903008256,410000,0.9773,0.9329,0.067,nan,1.0,5000,0.9639,0.9329,0.0193,0.99999964,0.9987449498744949
mnist_gan_nn_one_hidden_biprop,155000,0.9652,0.7719,0.0682,0.98896,0.7518201,185000,0.9637,0.8485,0.1268,0.8123454,0.31030607,15000,0.8909,0.6431,0.2253,1.0,0.9999981,180000,0.9555,0.7858,0.1026,0.71298087,0.21538566,180000,0.9555,0.7858,0.1026,0.71298087,0.21538566
mnist_gan_nn_one_hidden_halfbiprop,365000,0.9786,0.8736,0.1414,1.0,0.9870646,390000,0.9784,0.8762,0.1583,1.0,0.99227554,500000,0.9781,0.8556,0.2475,6.431356470825948e+16,1.0,470000,0.9782,0.8552,0.2383,0.6313871172420679,0.99999976,180000,0.9555,0.7858,0.1026,0.71298087,0.21538566
mnist_gan_nn_one_hidden_nobias_backprop,345000,0.9799,0.9333,0.0524,0.0,1.0,10000,0.974,0.9435,0.0149,1.0,0.9992902,0,0.0879,0.0888,0.1173,1.1596136837116584,1.5648375903008256,405000,0.9779,0.9335,0.0736,nan,1.0,5000,0.964,0.9345,0.0189,0.9999995,0.9968641996864199
mnist_gan_nn_one_hidden_nobias_biprop,490000,0.9503,0.4872,0.5338,1.0,1.0,10000,0.8795,0.7327,0.357,1.0,1.0,215000,0.9477,0.5442,0.6906,1.0,1.0,5000,0.8177,0.6402,0.2563,0.5,0.1,5000,0.8177,0.6402,0.2563,0.5,0.1
mnist_gan_nn_one_hidden_nobias_halfbiprop,475000,0.9621,0.5618,0.6973,1.0,1.0,10000,0.8795,0.7327,0.357,1.0,1.0,470000,0.9617,0.5705,0.7159,1.0,1.0,5000,0.8177,0.6402,0.2563,0.5,0.1,5000,0.8177,0.6402,0.2563,0.5,0.1
mnist_nn_four_hidden_backprop,25000,0.9803,0.938,0.0981,0.9998775981884532,0.9999539794735252,20500,0.9789,0.9493,0.0883,0.9998834065674894,0.9999776994870881,49500,0.9784,0.9386,0.1356,0.9999767297230837,0.9999974999925,500,0.9366,0.8645,0.0235,0.9933607716623458,0.9837471298173334,500,0.9366,0.8645,0.0235,0.9933607716623458,0.9837471298173334
mnist_nn_four_hidden_biprop,9500,0.9458,0.8653,0.3329,0.9975855878722706,0.9896234123279232,13000,0.9354,0.8803,0.3319,0.9981928670122713,0.983491637008963,20500,0.9342,0.8482,0.3355,0.9990086960436377,0.9830389807079298,500,0.8595,0.6872,0.1485,0.9838865192348184,0.920757664197671,35500,0.9213,0.8229,0.2963,0.9959184328866423,0.8447558851688235
mnist_nn_four_hidden_halfbiprop,9500,0.9458,0.8653,0.3329,0.9975855878722706,0.9896234123279232,13000,0.9354,0.8803,0.3319,0.9981928670122713,0.983491637008963,48000,0.935,0.7882,0.3522,0.9993842691632577,0.9808041291063169,500,0.8595,0.6872,0.1485,0.9838865192348184,0.920757664197671,28500,0.9374,0.843,0.3221,0.9948011935976924,0.8742953881419802
mnist_nn_four_hidden_nobias_backprop,31000,0.9815,0.901,0.1094,0.9998381477421611,0.9999804299256337,42500,0.9791,0.9482,0.1222,0.9998996283609312,0.999991299986515,45500,0.9769,0.9168,0.1588,0.9996306975256734,0.9999706599894376,500,0.9372,0.8707,0.0236,0.9934831824954818,0.9841080696158032,500,0.9372,0.8707,0.0236,0.9934831824954818,0.9841080696158032
mnist_nn_four_hidden_nobias_biprop,37500,0.9439,0.7186,0.2626,0.9991463767814485,0.9596491198192465,4500,0.9332,0.8825,0.264,0.9971034733279374,0.9849911202206457,12500,0.9292,0.8373,0.3161,0.9990220838617379,0.9945328118188591,1000,0.9074,0.8483,0.2148,0.9817669104693824,0.9336263566113232,1000,0.9074,0.8483,0.2148,0.9817669104693824,0.9336263566113232
mnist_nn_four_hidden_nobias_halfbiprop,27000,0.9415,0.7891,0.2793,0.9997727449405845,0.9946022155327802,4500,0.9332,0.8825,0.264,0.9971034733279374,0.9849911202206457,12500,0.9292,0.8373,0.3161,0.9990220838617379,0.9945328118188591,1000,0.9074,0.8483,0.2148,0.9817669104693824,0.9336263566113232,1000,0.9074,0.8483,0.2148,0.9817669104693824,0.9336263566113232
mnist_nn_no_hidden_backprop,9500,0.9289,0.7519,0.0397,4.18582e-13,1.0,500,0.9139,0.9071,0.0466,0.046339456265422456,0.9985153057537745,0,0.1153,0.1178,0.0934,1.049176855327214,1.2946415470055248,27500,0.9233,0.6427,0.0431,0.0,1.0,500,0.9139,0.9071,0.0466,0.046339456265422456,0.9985153057537745
mnist_nn_no_hidden_biprop,26000,0.8854,0.7229,0.4018,0.0,1.0,1000,0.8742,0.8631,0.342,0.0,1.0,22500,0.8828,0.7267,0.4206,0.0,1.0,500,0.8703,0.8608,0.2895,0.0,0.9999968,500,0.8703,0.8608,0.2895,0.0,0.9999968
mnist_nn_no_hidden_halfbiprop,46500,0.9202,0.3469,0.0781,0.0,1.0,1000,0.8742,0.8631,0.342,0.0,1.0,22500,0.8828,0.7267,0.4206,0.0,1.0,500,0.8703,0.8608,0.2895,0.0,0.9999968,500,0.8703,0.8608,0.2895,0.0,0.9999968
mnist_nn_no_hidden_nobias_backprop,9500,0.9273,0.7138,0.0417,3.3433384e-12,1.0,500,0.9132,0.9065,0.047,0.04472707695972005,0.9982690437685575,0,0.1153,0.1178,0.0934,1.049176855327214,1.2946415470055248,27500,0.9223,0.6213,0.0445,0.0,1.0,500,0.9132,0.9065,0.047,0.04472707695972005,0.9982690437685575
mnist_nn_no_hidden_nobias_biprop,42000,0.8781,0.6419,0.6014,0.0,1.0,1500,0.876,0.8638,0.5216,0.0,1.0,40000,0.8733,0.6678,0.6097,0.0,1.0,500,0.8681,0.8625,0.329,0.0,0.99999857,500,0.8681,0.8625,0.329,0.0,0.99999857
mnist_nn_no_hidden_nobias_halfbiprop,38000,0.9265,0.3216,0.045,0.0,1.0,1500,0.876,0.8638,0.5216,0.0,1.0,18000,0.8742,0.7258,0.6091,0.0,1.0,500,0.8681,0.8625,0.329,0.0,0.99999857,500,0.8681,0.8625,0.329,0.0,0.99999857
mnist_nn_one_hidden_backprop,13000,0.9484,0.6478,0.0314,0.9960772376463426,0.9452887288753474,500,0.9014,0.8828,0.0501,0.9352707521188238,0.615374799240464,0,0.1289,0.1176,0.0757,1.0018072154540352,0.9964510626431041,500,0.9014,0.8828,0.0501,0.9352707521188238,0.615374799240464,500,0.9014,0.8828,0.0501,0.9352707521188238,0.615374799240464
mnist_nn_one_hidden_biprop,32500,0.9176,0.412,0.1148,0.9834236,0.5935892,1000,0.8898,0.5811,0.1779,0.6505355360175185,0.17460111009065318,1000,0.8898,0.5811,0.1779,0.6505355360175185,0.17460111009065318,500,0.8793,0.5478,0.1231,0.6116050681988257,0.1518591476741838,500,0.8793,0.5478,0.1231,0.6116050681988257,0.1518591476741838
mnist_nn_one_hidden_halfbiprop,48500,0.9397,0.407,0.0949,0.9811792,0.54588294,1000,0.8898,0.5811,0.1779,0.6505355360175185,0.17460111009065318,1000,0.8898,0.5811,0.1779,0.6505355360175185,0.17460111009065318,500,0.8793,0.5478,0.1231,0.6116050681988257,0.1518591476741838,500,0.8793,0.5478,0.1231,0.6116050681988257,0.1518591476741838
mnist_nn_one_hidden_nobias_backprop,20000,0.9456,0.6502,0.0318,0.9983977594231934,0.98436487,500,0.9012,0.8772,0.0477,0.9448205334530266,0.7115569706086278,0,0.1289,0.1176,0.0757,1.0018072154540352,0.9964510626431041,500,0.9012,0.8772,0.0477,0.9448205334530266,0.7115569706086278,500,0.9012,0.8772,0.0477,0.9448205334530266,0.7115569706086278
mnist_nn_one_hidden_nobias_biprop,16500,0.905,0.5148,0.0814,0.5,0.1,1500,0.8831,0.6475,0.1406,0.500000050000005,0.10000329010824456,1000,0.8778,0.5801,0.1414,0.5000001200000288,0.10002184977308293,2000,0.8846,0.6162,0.1392,0.5,0.10000173002992953,10500,0.902,0.5048,0.0937,0.5,0.1
mnist_nn_one_hidden_nobias_halfbiprop,49000,0.9338,0.3807,0.06,0.99238515,0.6429326,1500,0.8831,0.6475,0.1406,0.500000050000005,0.10000329010824456,1000,0.8778,0.5801,0.1414,0.5000001200000288,0.10002184977308293,2000,0.8846,0.6162,0.1392,0.5,0.10000173002992953,10500,0.902,0.5048,0.0937,0.5,0.1
mnist_nn_two_hidden_backprop,37000,0.9451,0.4826,0.0506,0.9999464998341495,0.9999433996886983,1000,0.9014,0.7882,0.0547,0.9948245004594557,0.9532416404279836,0,0.0892,0.0892,0.0892,1.0028335739251708,1.007189440122606,500,0.7937,0.7697,0.0575,0.973434419992055,0.7742417717203879,500,0.7937,0.7697,0.0575,0.973434419992055,0.7742417717203879
mnist_nn_two_hidden_biprop,6500,0.9042,0.6425,0.2211,7.578178176964544e-10,0.8227086549351652,28000,0.886,0.6925,0.3639,0.0,0.78939474277098,48000,0.8756,0.6711,0.4442,0.0,0.7800625191118875,16500,0.8876,0.6663,0.2248,0.0,0.670852105493414,500,0.8826,0.5776,0.1235,0.09595530948874453,0.2740215362279971
mnist_nn_two_hidden_halfbiprop,47500,0.9247,0.6984,0.3476,0.0,0.9239332129894354,39000,0.9167,0.7212,0.3515,0.0,0.9097772383310325,46500,0.9189,0.6625,0.3774,0.0,0.8211562868790498,16500,0.8876,0.6663,0.2248,0.0,0.670852105493414,500,0.8826,0.5776,0.1235,0.09595530948874453,0.2740215362279971
mnist_nn_two_hidden_nobias_backprop,27000,0.9477,0.6051,0.0413,0.9999074897354207,0.9995369970830816,1000,0.9012,0.7996,0.0566,0.9951513339128811,0.9585805185500754,0,0.0892,0.0892,0.0892,1.0028335739251708,1.007189440122606,500,0.7985,0.7768,0.054,0.971501132264074,0.7653246864754298,500,0.7985,0.7768,0.054,0.971501132264074,0.7653246864754298
mnist_nn_two_hidden_nobias_biprop,5500,0.9038,0.6496,0.1702,0.00014639478777672308,0.47857839761062315,15000,0.8908,0.7455,0.2379,0.09624985305864789,0.9667237169804433,41500,0.8829,0.66,0.3635,4.768421890591844e-19,0.8834539854617219,45000,0.8737,0.5997,0.3329,2.0788327085317719e-22,0.9113714615905275,500,0.8487,0.581,0.178,0.061775529194180466,0.2359044582124059
mnist_nn_two_hidden_nobias_halfbiprop,41500,0.9279,0.7474,0.3171,4.672122399831851e-11,0.9870579239877662,47500,0.9153,0.7736,0.3655,2.0580439538328568e-08,0.9917347619461353,46000,0.9199,0.7265,0.3893,3.894770453638125e-19,0.9876481860154585,46500,0.9237,0.7255,0.3533,1.4148380369968726e-19,0.9852167731271994,500,0.8487,0.581,0.178,0.061775529194180466,0.2359044582124059
